issue,date,numbers
2026141,2026-05-31,06 09 10 20 21 28 33 38 48 49 52 54 57 64 66 70 72 74 75 77
2026140,2026-05-30,01 03 11 12 16 18 23 24 31 35 37 39 40 54 61 64 65 69 71 79
2026139,2026-05-29,02 06 07 09 10 11 14 19 22 23 26 30 36 40 41 44 47 51 53 60
2026138,2026-05-28,02 06 08 10 11 14 19 22 26 30 31 33 47 53 56 62 63 73 76 77
2026137,2026-05-27,04 08 09 13 14 15 16 17 18 23 28 39 47 48 53 56 63 66 77 79
2026136,2026-05-26,02 06 11 14 17 20 24 33 35 40 42 45 49 50 51 52 57 60 64 75
2026135,2026-05-25,08 13 20 23 24 27 29 37 42 48 49 50 51 57 59 60 64 65 67 77
2026134,2026-05-24,06 12 19 20 21 22 27 30 31 32 34 42 51 54 57 66 70 71 72 75
2026133,2026-05-23,01 06 09 16 18 19 21 26 27 29 55 58 59 60 62 66 73 74 76 80
2026132,2026-05-22,08 09 11 12 13 16 18 19 32 37 38 40 42 53 56 57 63 68 77 78
2026131,2026-05-21,07 19 25 28 32 33 36 38 43 44 46 50 55 61 65 70 71 72 73 79
2026130,2026-05-20,02 07 08 10 18 21 22 26 28 30 31 32 33 39 41 49 52 62 64 67
2026129,2026-05-19,03 08 09 12 17 25 28 29 33 36 38 43 49 59 60 62 63 66 76 78
2026128,2026-05-18,04 05 11 13 17 19 26 28 38 39 41 43 45 46 47 51 53 60 75 76
2026127,2026-05-17,01 05 10 14 15 27 31 33 34 47 51 54 57 63 65 66 69 73 77 78
2026126,2026-05-16,01 04 10 11 12 16 22 23 29 36 39 43 52 57 59 60 61 62 64 74
2026125,2026-05-15,09 30 38 39 40 41 43 44 45 46 47 51 53 54 56 58 60 67 76 77
2026124,2026-05-14,03 07 08 09 14 23 31 34 35 37 38 40 43 47 61 63 66 71 76 78
2026123,2026-05-13,11 14 17 21 23 24 30 34 41 43 50 51 52 58 62 71 74 75 78 80
2026122,2026-05-12,01 07 09 15 19 26 27 28 30 36 45 50 56 57 58 61 63 66 76 78
2026121,2026-05-11,02 16 18 19 26 32 33 38 39 42 49 50 52 54 60 61 63 65 72 78
2026120,2026-05-10,02 03 06 10 16 21 35 37 43 45 52 54 57 63 67 68 70 76 78 80
2026119,2026-05-09,03 12 14 15 17 22 23 27 31 39 43 46 48 53 54 64 66 69 77 78
2026118,2026-05-08,02 07 08 09 12 17 18 33 36 39 44 46 61 66 68 69 71 72 75 80
2026117,2026-05-07,04 15 19 20 24 26 29 39 42 44 45 48 49 55 56 60 61 66 75 77
2026116,2026-05-06,03 11 16 22 27 31 32 36 40 47 48 58 62 65 67 69 70 74 75 80
2026115,2026-05-05,05 06 07 12 14 25 26 30 31 33 36 43 44 48 51 57 70 75 77 80
2026114,2026-05-04,01 05 11 12 20 24 25 32 33 37 39 45 46 52 53 54 56 57 69 77
2026113,2026-05-03,02 05 06 09 17 19 20 26 29 31 32 33 37 40 44 53 58 62 71 78
2026112,2026-05-02,10 12 23 27 36 38 41 45 47 50 53 58 61 62 65 67 69 72 75 76
2026111,2026-05-01,01 09 10 13 18 19 21 23 25 32 38 41 45 46 54 59 61 64 68 79
2026110,2026-04-30,10 13 14 26 27 29 30 39 43 46 47 51 53 55 57 58 68 71 75 76
2026109,2026-04-29,05 11 18 23 24 25 30 33 36 37 38 39 40 57 61 64 66 70 71 76
2026108,2026-04-28,03 04 16 18 27 29 32 33 41 45 46 47 49 50 53 61 66 74 77 80
2026107,2026-04-27,02 08 16 21 24 28 29 34 37 39 44 51 53 54 55 57 66 69 75 79
2026106,2026-04-26,10 11 12 18 27 28 30 32 38 42 46 53 62 65 67 69 71 73 75 76
2026105,2026-04-25,02 06 12 13 14 18 29 31 33 34 35 36 50 67 68 70 71 72 76 77
2026104,2026-04-24,05 18 20 31 35 41 42 44 46 48 49 52 55 57 63 64 70 72 75 79
2026103,2026-04-23,04 06 11 13 15 20 25 27 30 34 35 45 48 52 54 57 60 64 67 80
2026102,2026-04-22,06 09 15 17 21 27 28 33 37 39 40 41 42 46 47 64 70 77 78 79
2026101,2026-04-21,04 06 11 18 21 23 32 38 39 40 45 46 50 52 55 59 61 63 64 67
2026100,2026-04-20,03 05 07 12 15 17 20 29 36 37 38 39 42 48 50 58 64 67 68 77
2026099,2026-04-19,11 13 14 15 18 23 30 34 36 37 39 53 56 58 63 64 70 72 73 80
2026098,2026-04-18,06 07 15 17 18 19 21 23 26 29 34 36 49 52 65 67 69 72 77 80
2026097,2026-04-17,04 05 08 12 14 16 17 35 37 43 46 54 56 58 62 66 68 69 70 74
2026096,2026-04-16,01 04 08 09 10 13 15 17 20 24 26 33 34 35 36 41 44 51 53 60
2026095,2026-04-15,02 04 05 12 20 22 25 26 29 30 31 44 45 48 56 69 70 71 72 73
2026094,2026-04-14,04 07 11 13 18 19 26 31 35 38 42 43 51 53 54 57 59 67 69 74
2026093,2026-04-13,02 16 21 24 26 36 37 38 40 42 45 48 51 53 57 58 59 62 69 80
2026092,2026-04-12,02 03 08 14 17 20 24 30 33 35 38 44 45 56 59 61 67 71 76 77
2026091,2026-04-11,02 05 09 10 12 17 20 21 25 26 28 39 44 51 53 54 57 60 65 67
2026090,2026-04-10,01 04 08 10 20 22 33 35 36 44 49 51 53 59 62 65 69 71 77 78
2026089,2026-04-09,03 12 29 30 31 33 42 45 50 54 56 57 62 63 66 68 71 74 77 80
2026088,2026-04-08,08 09 13 14 18 22 25 33 39 40 44 46 49 55 64 66 68 71 77 80
2026087,2026-04-07,02 05 07 10 14 23 24 32 37 41 42 44 45 46 48 63 64 71 73 76
2026086,2026-04-06,01 03 05 07 11 15 17 24 28 29 34 39 45 47 53 57 63 66 72 79
2026085,2026-04-05,01 03 04 11 13 14 26 31 33 38 40 50 56 58 61 63 65 66 69 79
2026084,2026-04-04,05 08 17 33 34 35 38 42 43 46 49 50 57 59 60 66 71 72 74 80
2026083,2026-04-03,01 02 07 13 14 18 23 27 28 38 41 48 51 54 63 65 68 71 75 78
2026082,2026-04-02,02 05 11 16 23 25 26 29 33 39 57 62 64 68 69 74 76 77 79 80
2026081,2026-04-01,01 02 08 09 11 12 20 32 34 39 42 43 53 54 55 58 59 63 66 77
2026080,2026-03-31,07 11 14 24 25 27 32 33 34 46 49 52 54 56 59 60 61 66 69 72
2026079,2026-03-30,04 10 12 23 38 39 41 44 45 50 51 55 57 60 64 66 68 73 75 76
2026078,2026-03-29,01 06 07 11 15 21 24 27 31 32 34 38 46 49 52 60 67 71 73 74
2026077,2026-03-28,03 06 19 21 24 32 36 37 44 45 51 55 58 61 62 66 71 73 74 75
2026076,2026-03-27,06 10 12 14 16 21 24 38 39 40 46 48 52 58 61 69 71 74 75 77
2026075,2026-03-26,01 04 17 18 21 22 23 24 25 30 41 47 48 50 54 55 56 57 62 78
2026074,2026-03-25,02 05 07 08 11 13 15 16 20 31 32 33 41 43 52 62 70 71 72 73
2026073,2026-03-24,02 03 06 08 09 20 26 27 29 35 52 57 64 67 73 74 75 76 79 80
2026072,2026-03-23,01 05 19 22 28 30 34 37 38 40 41 44 48 50 51 54 59 74 75 80
2026071,2026-03-22,02 03 08 12 13 14 15 21 25 29 42 44 45 46 47 48 52 58 63 66
2026070,2026-03-21,01 03 04 07 11 19 25 27 37 38 42 45 46 48 54 56 69 72 76 77
2026069,2026-03-20,01 05 06 09 15 19 21 25 31 40 47 50 54 56 59 62 65 67 72 80
2026068,2026-03-19,01 04 10 18 19 20 22 31 35 36 44 49 50 52 61 67 68 74 75 78
2026067,2026-03-18,10 11 12 13 14 16 19 23 24 26 39 42 43 50 53 61 62 66 75 80
2026066,2026-03-17,02 03 04 06 08 17 20 27 30 37 41 43 54 56 57 58 60 63 65 69
2026065,2026-03-16,01 02 04 07 09 11 14 16 24 32 34 37 48 49 50 52 53 59 63 70
2026064,2026-03-15,13 16 21 25 31 32 38 45 49 57 58 59 61 63 67 69 72 75 77 78
2026063,2026-03-14,02 04 08 09 14 30 33 35 37 38 40 47 52 59 62 65 73 75 76 79
2026062,2026-03-13,03 04 05 07 14 16 22 27 38 43 46 48 56 58 68 71 73 77 79 80
2026061,2026-03-12,04 05 06 07 13 18 20 21 28 32 34 39 40 42 44 47 50 56 75 76
2026060,2026-03-11,02 03 04 14 15 19 25 28 32 38 39 40 42 45 48 60 61 63 65 67
2026059,2026-03-10,03 10 18 22 24 26 28 30 37 41 46 47 48 51 57 63 69 70 75 76
2026058,2026-03-09,03 05 08 17 19 20 21 27 29 42 47 49 51 53 62 66 69 71 74 80
2026057,2026-03-08,04 08 12 13 17 21 26 27 30 31 35 38 43 50 52 57 60 72 79 80
2026056,2026-03-07,01 08 14 16 25 39 40 48 50 51 56 58 65 67 69 71 73 74 75 79
2026055,2026-03-06,03 04 08 10 12 16 19 22 24 26 31 49 54 55 58 63 64 67 75 79
2026054,2026-03-05,02 08 11 14 15 18 21 23 39 40 42 43 44 51 55 60 65 71 79 80
2026053,2026-03-04,02 03 07 14 20 22 23 25 26 27 28 30 35 36 38 41 44 63 67 68
2026052,2026-03-03,02 06 11 13 19 23 27 29 32 34 40 45 49 51 56 59 66 69 74 80
2026051,2026-03-02,06 07 09 20 21 28 31 32 33 34 36 39 41 47 56 62 67 70 71 77
2026050,2026-03-01,12 14 25 34 39 41 43 45 46 49 51 57 58 60 62 64 65 66 72 74
2026049,2026-02-28,01 06 07 08 11 17 28 35 36 39 41 42 44 48 53 60 61 69 72 75
2026048,2026-02-27,03 04 10 12 16 17 21 25 33 35 41 43 49 50 60 65 69 75 76 80
2026047,2026-02-26,05 14 16 21 22 28 31 34 37 40 50 51 55 62 63 64 74 75 77 80
2026046,2026-02-25,01 10 13 14 15 23 25 26 28 48 49 50 52 54 59 61 64 69 70 79
2026045,2026-02-24,02 03 05 09 11 12 13 18 19 25 35 38 45 57 61 65 68 70 72 76
2026044,2026-02-13,01 03 08 09 13 16 19 23 33 43 47 49 52 53 55 60 68 74 76 79
2026043,2026-02-12,01 06 12 15 16 19 22 23 25 28 32 34 35 36 41 48 56 64 65 77
2026042,2026-02-11,02 08 14 15 16 17 25 34 37 41 47 52 56 60 62 63 72 74 77 79
2026041,2026-02-10,08 12 17 18 23 24 25 26 27 28 30 31 38 41 46 56 66 68 69 79
