策略,彩种,期号,开奖号码,预测Top1,直选命中Top10,组选命中Top10,命中范围,命中号码,命中排名,Top5直选,Top5组选,Top1和值误差,Top1跨度误差,Top1形态一致,胆码命中,和值命中,跨度命中,形态命中,复盘时间
default,排列三,26126,835,057,,,,,,,,4,2,True,,,,,2026-05-17 02:02:18
conservative,排列三,26126,835,358,,,,,,,,0,0,True,,,,,2026-05-17 02:02:19
diversity,排列三,26126,835,078,,,,,,,,1,3,True,,,,,2026-05-17 02:02:21
default,福彩3D,2026126,846,458,,,,,,,,1,0,True,,,,,2026-05-17 02:02:22
conservative,福彩3D,2026126,846,456,,,,,,,,3,2,True,,,,,2026-05-17 02:02:23
diversity,福彩3D,2026126,846,456,,,,,,,,3,2,True,,,,,2026-05-17 02:02:24
default,排列三,26127,936,057,,,,,,,,6,1,True,,,,,2026-05-18 23:55:26
default,福彩3D,2026127,700,458,,,,,,,,10,3,False,,,,,2026-05-18 23:55:42
conservative,排列三,26127,936,358,,,,,,,,2,1,True,,,,,2026-05-18 23:57:18
diversity,排列三,26127,936,078,,,,,,,,3,2,True,,,,,2026-05-18 23:57:19
conservative,福彩3D,2026127,700,456,,,,,,,,8,5,False,,,,,2026-05-18 23:57:20
diversity,福彩3D,2026127,700,456,,,,,,,,8,5,False,,,,,2026-05-18 23:57:22
default,排列三,26128,512,358,,,,,,,,8,1,True,,,,,2026-05-19 21:36:24
conservative,排列三,26128,512,349,,,,,,,,8,2,True,,,,,2026-05-19 21:36:25
diversity,排列三,26128,512,078,,,,,,,,7,4,True,,,,,2026-05-19 21:36:26
default,福彩3D,2026128,776,078,,,,,,,,5,7,False,,,,,2026-05-19 21:36:27
conservative,福彩3D,2026128,776,456,,,,,,,,5,1,False,,,,,2026-05-19 21:36:28
diversity,福彩3D,2026128,776,078,,,,,,,,5,7,False,,,,,2026-05-19 21:36:29
default,排列三,26129,683,126,,,Top30,368,28,False,False,8,0,True,,,,,2026-05-20 21:36:55
conservative,排列三,26129,683,126,,,Top30,368,16,False,False,8,0,True,,,,,2026-05-20 21:36:56
diversity,排列三,26129,683,235,,,未命中,,,False,False,7,2,True,,,,,2026-05-20 21:36:57
default,福彩3D,2026129,023,456,,,未命中,,,False,False,10,1,True,,,,,2026-05-20 22:06:25
conservative,福彩3D,2026129,023,456,,,未命中,,,False,False,10,1,True,,,,,2026-05-20 22:06:26
diversity,福彩3D,2026129,023,078,,,未命中,,,False,False,10,5,True,,,,,2026-05-20 22:06:27
default,排列三,26130,070,168,,,未命中,,,False,False,8,0,False,,,,,2026-05-21 00:04:30
conservative,排列三,26130,070,168,,,未命中,,,False,False,8,0,False,,,,,2026-05-21 00:04:31
diversity,排列三,26130,070,168,,,未命中,,,False,False,8,0,False,,,,,2026-05-21 00:04:32
default,福彩3D,2026130,267,267,,,Top5,267,1,True,False,0,0,True,,,,,2026-05-21 00:04:33
conservative,福彩3D,2026130,267,078,,,Top5,267,2,True,False,0,3,True,,,,,2026-05-21 00:04:34
diversity,福彩3D,2026130,267,078,,,Top5,267,5,True,False,0,3,True,,,,,2026-05-21 00:04:35
default,排列三,26131,968,367,,,未命中,,,False,False,7,1,True,,,,,2026-05-22 21:36:44
conservative,排列三,26131,968,278,,,未命中,,,False,False,6,3,True,,,,,2026-05-22 21:36:44
diversity,排列三,26131,968,367,,,未命中,,,False,False,7,1,True,,,,,2026-05-22 21:36:45
default,福彩3D,2026131,598,276,,,未命中,,,False,False,7,1,True,,,,,2026-05-22 21:36:46
conservative,福彩3D,2026131,598,276,,,未命中,,,False,False,7,1,True,,,,,2026-05-22 21:36:47
diversity,福彩3D,2026131,598,078,,,未命中,,,False,False,7,4,True,,,,,2026-05-22 21:36:48
default,排列三,26132,443,367,,,未命中,,,False,False,5,3,False,,,,,2026-05-23 21:36:53
conservative,排列三,26132,443,367,,,未命中,,,False,False,5,3,False,,,,,2026-05-23 21:36:53
diversity,排列三,26132,443,367,,,未命中,,,False,False,5,3,False,,,,,2026-05-23 21:36:54
default,福彩3D,2026132,756,276,,,Top30,567,24,False,False,3,3,True,,,,,2026-05-23 21:36:55
conservative,福彩3D,2026132,756,276,,,Top30,567,24,False,False,3,3,True,,,,,2026-05-23 21:36:56
diversity,福彩3D,2026132,756,078,,,Top10,567,7,False,False,3,6,True,,,,,2026-05-23 21:36:57
default,排列三,26133,543,367,,,未命中,,,False,False,4,2,True,,,,,2026-05-24 21:36:59
conservative,排列三,26133,543,349,,,未命中,,,False,False,4,4,True,,,,,2026-05-24 21:37:00
diversity,排列三,26133,543,349,,,未命中,,,False,False,4,4,True,,,,,2026-05-24 21:37:01
default,福彩3D,2026133,080,456,,,未命中,,,False,False,7,6,False,,,,,2026-05-24 21:37:02
conservative,福彩3D,2026133,080,456,,,未命中,,,False,False,7,6,False,,,,,2026-05-24 21:37:03
diversity,福彩3D,2026133,080,078,,,未命中,,,False,False,7,0,False,,,,,2026-05-24 21:37:04
conservative,福彩3D,2026134,654,078,,,Top5,456,2,False,True,0,6,True,,,,,2026-05-24 23:30:28
diversity,福彩3D,2026134,654,078,,,未命中,,,False,False,0,6,True,,,,,2026-05-24 23:30:29
conservative,排列三,26134,515,449,,,未命中,,,False,False,6,1,True,,,,,2026-05-24 23:31:22
diversity,排列三,26134,515,345,,,未命中,,,False,False,1,2,False,,,,,2026-05-24 23:31:22
default,排列三,26134,515,345,,,未命中,,,False,False,1,2,False,,,,,2026-05-25 07:44:45
default,福彩3D,2026134,654,276,,,未命中,,,False,False,0,3,True,,,,,2026-05-25 07:44:47
default,排列三,26135,939,345,,,未命中,,,False,False,9,4,False,,,,,2026-05-25 23:50:03
conservative,排列三,26135,939,156,,,未命中,,,False,False,9,1,False,,,,,2026-05-25 23:50:04
diversity,排列三,26135,939,345,,,未命中,,,False,False,9,4,False,,,,,2026-05-25 23:50:05
auto_tuned,排列三,26135,939,156,,,未命中,,,False,False,9,1,False,,,,,2026-05-25 23:50:06
default,排列三,26136,466,156,,,未命中,,,False,False,4,3,False,,,,,2026-05-26 22:10:49
conservative,排列三,26136,466,349,,,未命中,,,False,False,0,4,False,,,,,2026-05-26 22:10:50
diversity,排列三,26136,466,345,,,未命中,,,False,False,4,0,False,,,,,2026-05-26 22:10:51
auto_tuned,排列三,26136,466,156,,,未命中,,,False,False,4,3,False,,,,,2026-05-26 22:10:52
default,福彩3D,2026135,487,456,,,未命中,,,False,False,4,2,True,,,,,2026-05-26 22:16:36
conservative,福彩3D,2026135,487,058,,,Top30,478,24,False,False,6,4,True,,,,,2026-05-26 22:16:37
diversity,福彩3D,2026135,487,456,,,未命中,,,False,False,4,2,True,,,,,2026-05-26 22:16:38
auto_tuned,福彩3D,2026135,487,456,,,未命中,,,False,False,4,2,True,,,,,2026-05-26 22:16:39
default,福彩3D,2026136,889,078,,,未命中,,,False,False,10,7,False,,,,,2026-05-26 22:47:37
conservative,福彩3D,2026136,889,078,,,未命中,,,False,False,10,7,False,,,,,2026-05-26 22:47:38
diversity,福彩3D,2026136,889,456,,,未命中,,,False,False,10,1,False,,,,,2026-05-26 22:47:39
auto_tuned,福彩3D,2026136,889,456,,,未命中,,,False,False,10,1,False,,,,,2026-05-26 22:47:40
default,排列三,26137,544,349,,,未命中,,,False,False,3,5,False,,,,,2026-05-27 22:11:23
conservative,排列三,26137,544,349,,,未命中,,,False,False,3,5,False,,,,,2026-05-27 22:11:24
diversity,排列三,26137,544,189,,,未命中,,,False,False,5,7,False,,,,,2026-05-27 22:11:25
auto_tuned,排列三,26137,544,349,,,未命中,,,False,False,3,5,False,,,,,2026-05-27 22:11:25
default,福彩3D,2026137,165,456,,,未命中,,,False,False,3,3,True,,,,,2026-05-27 22:16:10
conservative,福彩3D,2026137,165,078,,,未命中,,,False,False,3,3,True,,,,,2026-05-27 22:16:11
diversity,福彩3D,2026137,165,456,,,未命中,,,False,False,3,3,True,,,,,2026-05-27 22:16:11
auto_tuned,福彩3D,2026137,165,078,,,未命中,,,False,False,3,3,True,,,,,2026-05-27 22:16:12
default,排列三,26138,263,156,,,未命中,,,False,False,1,1,True,,,,,2026-05-28 22:11:38
conservative,排列三,26138,263,156,,,未命中,,,False,False,1,1,True,,,,,2026-05-28 22:11:39
diversity,排列三,26138,263,349,,,未命中,,,False,False,5,2,True,,,,,2026-05-28 22:11:40
auto_tuned,排列三,26138,263,156,,,Top30,236,14,False,False,1,1,True,,,,,2026-05-28 22:11:41
default,福彩3D,2026138,790,167,,,未命中,,,False,False,2,3,True,,,,,2026-05-28 22:16:26
conservative,福彩3D,2026138,790,456,,,未命中,,,False,False,1,7,True,,,,,2026-05-28 22:16:27
diversity,福彩3D,2026138,790,456,,,未命中,,,False,False,1,7,True,,,,,2026-05-28 22:16:28
auto_tuned,福彩3D,2026138,790,456,,,未命中,,,False,False,1,7,True,,,,,2026-05-28 22:16:29
default,福彩3D,2026139,286,156,,,未命中,,,False,False,4,1,True,,,,,2026-05-29 22:16:26
conservative,福彩3D,2026139,286,456,,,未命中,,,False,False,1,4,True,,,,,2026-05-29 22:16:27
diversity,福彩3D,2026139,286,456,,,未命中,,,False,False,1,4,True,,,,,2026-05-29 22:16:28
auto_tuned,福彩3D,2026139,286,456,,,未命中,,,False,False,1,4,True,,,,,2026-05-29 22:16:29
default,排列三,26139,198,349,,,未命中,,,False,False,2,2,True,,,,,2026-05-30 22:07:20
conservative,排列三,26139,198,256,,,未命中,,,False,False,5,4,True,,,,,2026-05-30 22:07:21
diversity,排列三,26139,198,349,,,Top30,189,17,False,False,2,2,True,,,,,2026-05-30 22:07:22
auto_tuned,排列三,26139,198,346,,,未命中,,,False,False,5,5,True,,,,,2026-05-30 22:07:23
default,排列三,26140,421,236,,,未命中,,,False,False,4,1,True,,,,,2026-05-30 22:11:09
conservative,排列三,26140,421,236,,,未命中,,,False,False,4,1,True,,,,,2026-05-30 22:11:10
diversity,排列三,26140,421,346,,,未命中,,,False,False,6,0,True,,,,,2026-05-30 22:11:11
auto_tuned,排列三,26140,421,238,,,未命中,,,False,False,6,3,True,,,,,2026-05-30 22:11:12
default,排列三,26141,215,249,,,Top30,125,25,False,False,7,3,True,,,,,2026-05-31 22:11:14
conservative,排列三,26141,215,245,,,Top30,125,21,False,False,3,1,True,,,,,2026-05-31 22:11:15
diversity,排列三,26141,215,189,,,Top30,125,29,False,False,10,4,True,,,,,2026-05-31 22:11:16
auto_tuned,排列三,26141,215,245,,,Top10,125,9,False,False,3,1,True,,,,,2026-05-31 22:11:17
default,福彩3D,2026140,285,267,,,Top30,258,30,False,False,0,1,True,,,,,2026-05-31 22:16:02
conservative,福彩3D,2026140,285,456,,,Top30,258,12,False,False,0,4,True,,,,,2026-05-31 22:16:03
diversity,福彩3D,2026140,285,456,,,Top30,258,30,False,False,0,4,True,,,,,2026-05-31 22:16:04
auto_tuned,福彩3D,2026140,285,256,,,未命中,,,False,False,2,2,True,,,,,2026-05-31 22:16:05
default,福彩3D,2026141,397,267,,,未命中,,,False,False,4,1,True,,,,,2026-05-31 22:54:32
conservative,福彩3D,2026141,397,456,,,未命中,,,False,False,4,4,True,,,,,2026-05-31 22:54:33
diversity,福彩3D,2026141,397,456,,,未命中,,,False,False,4,4,True,,,,,2026-05-31 22:54:34
auto_tuned,福彩3D,2026141,397,456,,,未命中,,,False,False,4,4,True,,,,,2026-05-31 22:54:35
default,排列三,26142,916,245,,,Top30,169,25,False,False,5,5,True,,,,,2026-06-01 22:11:21
conservative,排列三,26142,916,245,,,未命中,,,False,False,5,5,True,,,,,2026-06-01 22:11:22
diversity,排列三,26142,916,345,,,Top30,169,14,False,False,4,6,True,,,,,2026-06-01 22:11:23
auto_tuned,排列三,26142,916,129,,,Top5,169,5,False,True,4,0,True,,,,,2026-06-01 22:11:24
default,福彩3D,2026142,894,078,,,未命中,,,False,False,6,3,True,,,,,2026-06-02 22:06:57
conservative,福彩3D,2026142,894,078,,,未命中,,,False,False,6,3,True,,,,,2026-06-02 22:06:58
diversity,福彩3D,2026142,894,356,,,未命中,,,False,False,7,2,True,,,,,2026-06-02 22:06:58
auto_tuned,福彩3D,2026142,894,356,,,未命中,,,False,False,7,2,True,,,,,2026-06-02 22:06:59
default,排列三,26143,744,245,,,未命中,,,False,False,4,0,False,,,,,2026-06-02 22:10:44
conservative,排列三,26143,744,146,,,未命中,,,False,False,4,2,False,,,,,2026-06-02 22:10:45
diversity,排列三,26143,744,456,,,未命中,,,False,False,0,1,False,,,,,2026-06-02 22:10:46
auto_tuned,排列三,26143,744,156,,,未命中,,,False,False,3,2,False,,,,,2026-06-02 22:10:47
default,福彩3D,2026143,376,348,,,未命中,,,False,False,1,1,True,,,,,2026-06-02 22:31:34
conservative,福彩3D,2026143,376,348,,,未命中,,,False,False,1,1,True,,,,,2026-06-02 22:31:35
diversity,福彩3D,2026143,376,348,,,未命中,,,False,False,1,1,True,,,,,2026-06-02 22:31:35
auto_tuned,福彩3D,2026143,376,348,,,未命中,,,False,False,1,1,True,,,,,2026-06-02 22:31:36
default,排列三,26144,462,456,,,未命中,,,False,False,3,2,True,,,,,2026-06-03 22:11:00
conservative,排列三,26144,462,456,,,未命中,,,False,False,3,2,True,,,,,2026-06-03 22:11:01
diversity,排列三,26144,462,467,,,未命中,,,False,False,5,1,True,,,,,2026-06-03 22:11:01
auto_tuned,排列三,26144,462,456,,,未命中,,,False,False,3,2,True,,,,,2026-06-03 22:11:02
default,福彩3D,2026144,726,348,,,Top5,267,2,False,True,0,0,True,,,,,2026-06-03 22:30:49
conservative,福彩3D,2026144,726,348,,,Top5,267,4,False,True,0,0,True,,,,,2026-06-03 22:30:50
diversity,福彩3D,2026144,726,348,,,Top5,267,4,False,True,0,0,True,,,,,2026-06-03 22:30:51
auto_tuned,福彩3D,2026144,726,348,,,Top5,267,4,False,True,0,0,True,,,,,2026-06-03 22:30:52
default,排列三,26145,993,267,,,未命中,,,False,False,6,1,False,,,,,2026-06-05 20:30:32
default,福彩3D,2026145,279,367,,,Top10,279,7,False,False,2,3,True,,,,,2026-06-05 20:30:34
default,排列三,26146,154,349,,,未命中,,,False,False,6,2,True,,,,,2026-06-05 22:10:43
conservative,排列三,26146,154,349,,,未命中,,,False,False,6,2,True,,,,,2026-06-05 22:10:44
diversity,排列三,26146,154,349,,,未命中,,,False,False,6,2,True,,,,,2026-06-05 22:10:44
auto_tuned,排列三,26146,154,237,,,未命中,,,False,False,2,1,True,,,,,2026-06-05 22:10:45
enhanced,排列三,26146,154,446,,,未命中,,,False,False,4,2,False,,,,,2026-06-05 22:10:46
ensemble,排列三,26146,154,349,,,未命中,,,False,False,6,2,True,,,,,2026-06-05 22:10:47
default,福彩3D,2026146,464,267,,,未命中,,,False,False,1,3,False,,,,,2026-06-06 22:06:11
conservative,福彩3D,2026146,464,456,,,未命中,,,False,False,1,0,False,,,,,2026-06-06 22:06:12
diversity,福彩3D,2026146,464,267,,,未命中,,,False,False,1,3,False,,,,,2026-06-06 22:06:13
auto_tuned,福彩3D,2026146,464,456,,,未命中,,,False,False,1,0,False,,,,,2026-06-06 22:06:14
enhanced,福彩3D,2026146,464,377,,,未命中,,,False,False,3,2,True,,,,,2026-06-06 22:06:15
ensemble,福彩3D,2026146,464,267,,,未命中,,,False,False,1,3,False,,,,,2026-06-06 22:06:15
default,排列三,26147,590,349,,,未命中,,,False,False,2,3,True,,,,,2026-06-06 22:10:20
conservative,排列三,26147,590,129,,,未命中,,,False,False,2,1,True,,,,,2026-06-06 22:10:21
diversity,排列三,26147,590,345,,,未命中,,,False,False,2,7,True,,,,,2026-06-06 22:10:22
auto_tuned,排列三,26147,590,345,,,未命中,,,False,False,2,7,True,,,,,2026-06-06 22:10:23
enhanced,排列三,26147,590,256,,,未命中,,,False,False,1,5,True,,,,,2026-06-06 22:10:24
ensemble,排列三,26147,590,345,,,未命中,,,False,False,2,7,True,,,,,2026-06-06 22:10:25
default,福彩3D,2026147,712,267,,,未命中,,,False,False,5,1,True,,,,,2026-06-06 22:30:34
conservative,福彩3D,2026147,712,267,,,未命中,,,False,False,5,1,True,,,,,2026-06-06 22:30:35
diversity,福彩3D,2026147,712,267,,,未命中,,,False,False,5,1,True,,,,,2026-06-06 22:30:36
auto_tuned,福彩3D,2026147,712,267,,,Top30,127,29,False,False,5,1,True,,,,,2026-06-06 22:30:37
enhanced,福彩3D,2026147,712,467,,,未命中,,,False,False,7,3,True,,,,,2026-06-06 22:30:38
ensemble,福彩3D,2026147,712,267,,,未命中,,,False,False,5,1,True,,,,,2026-06-06 22:30:39
default,排列三,26148,065,459,,,Top10,056,8,False,False,7,1,True,,,,,2026-06-07 22:11:04
conservative,排列三,26148,065,129,,,Top5,056,2,False,True,1,2,True,,,,,2026-06-07 22:11:05
diversity,排列三,26148,065,345,,,Top5,056,5,False,True,1,4,True,,,,,2026-06-07 22:11:06
auto_tuned,排列三,26148,065,129,,,Top10,056,6,False,False,1,2,True,,,,,2026-06-07 22:11:07
enhanced,排列三,26148,065,256,,,Top30,056,24,False,False,2,2,True,,,,,2026-06-07 22:11:08
ensemble,排列三,26148,065,459,,,Top5,056,5,False,True,7,1,True,,,,,2026-06-07 22:11:09
default,福彩3D,2026148,408,267,,,未命中,,,False,False,3,3,True,,,,,2026-06-08 22:05:40
conservative,福彩3D,2026148,408,267,,,未命中,,,False,False,3,3,True,,,,,2026-06-08 22:05:41
diversity,福彩3D,2026148,408,267,,,未命中,,,False,False,3,3,True,,,,,2026-06-08 22:05:42
auto_tuned,福彩3D,2026148,408,267,,,未命中,,,False,False,3,3,True,,,,,2026-06-08 22:05:43
enhanced,福彩3D,2026148,408,467,,,未命中,,,False,False,5,5,True,,,,,2026-06-08 22:05:44
ensemble,福彩3D,2026148,408,267,,,未命中,,,False,False,3,3,True,,,,,2026-06-08 22:05:45
default,排列三,26149,325,056,,,未命中,,,False,False,1,3,True,,,,,2026-06-09 21:30:31
conservative,排列三,26149,325,056,,,未命中,,,False,False,1,3,True,,,,,2026-06-09 21:30:32
diversity,排列三,26149,325,345,,,未命中,,,False,False,2,1,True,,,,,2026-06-09 21:30:33
auto_tuned,排列三,26149,325,056,,,Top30,235,24,False,False,1,3,True,,,,,2026-06-09 21:30:35
enhanced,排列三,26149,325,246,,,Top30,235,12,False,False,2,1,True,,,,,2026-06-09 21:30:37
ensemble,排列三,26149,325,056,,,未命中,,,False,False,1,3,True,,,,,2026-06-09 21:30:38
default,福彩3D,2026149,696,267,,,未命中,,,False,False,6,2,False,,,,,2026-06-09 21:31:02
conservative,福彩3D,2026149,696,267,,,未命中,,,False,False,6,2,False,,,,,2026-06-09 21:31:03
diversity,福彩3D,2026149,696,267,,,未命中,,,False,False,6,2,False,,,,,2026-06-09 21:31:05
auto_tuned,福彩3D,2026149,696,447,,,未命中,,,False,False,6,0,True,,,,,2026-06-09 21:31:06
enhanced,福彩3D,2026149,696,367,,,未命中,,,False,False,5,1,False,,,,,2026-06-09 21:31:07
ensemble,福彩3D,2026149,696,267,,,未命中,,,False,False,6,2,False,,,,,2026-06-09 21:31:09
default,排列三,26150,340,236,False,False,未命中,,,False,False,4,0,True,0,False,True,True,2026-06-10 00:28:40
conservative,排列三,26150,340,056,False,False,未命中,,,False,False,4,2,True,0,False,False,True,2026-06-10 00:28:41
diversity,排列三,26150,340,056,False,False,未命中,,,False,False,4,2,True,0,False,False,True,2026-06-10 00:28:42
auto_tuned,排列三,26150,340,236,False,False,未命中,,,False,False,4,0,True,0,False,True,True,2026-06-10 00:28:44
enhanced,排列三,26150,340,246,False,False,未命中,,,False,False,5,0,True,1,False,True,True,2026-06-10 00:28:45
ensemble,排列三,26150,340,236,False,False,未命中,,,False,False,4,0,True,0,False,True,True,2026-06-10 00:28:46
default,福彩3D,2026150,720,267,False,False,未命中,,,False,False,6,2,True,1,False,False,True,2026-06-10 00:28:58
conservative,福彩3D,2026150,720,267,False,False,未命中,,,False,False,6,2,True,2,False,False,True,2026-06-10 00:28:59
diversity,福彩3D,2026150,720,267,False,False,未命中,,,False,False,6,2,True,1,False,False,True,2026-06-10 00:29:01
auto_tuned,福彩3D,2026150,720,456,False,False,未命中,,,False,False,6,5,True,1,False,False,True,2026-06-10 00:29:02
enhanced,福彩3D,2026150,720,467,False,False,未命中,,,False,False,8,4,True,1,False,False,True,2026-06-10 00:29:04
ensemble,福彩3D,2026150,720,267,False,False,未命中,,,False,False,6,2,True,1,False,False,True,2026-06-10 00:29:05
